dataset,accuracy,precision,recall,f1,auc,total_samples
FaceForensics++,0.8742857142857143,0.9033613445378151,0.9555555555555556,0.9287257019438445,0.8369518518518517,1050
Celeb-DF-v2,0.8698116097411549,0.8767899291896145,0.9881184607199858,0.929131232282808,0.7309042562730264,6529
WildDeepfake,0.0,0.0,0.0,0.0,0.0,10
