epoch,train_loss,val_loss,val_f1,val_auc,learning_rate
1,0.7232555747032166,0.7123781442642212,0.0,0.0,0.0001
2,0.7200587689876556,0.6329763531684875,1.0,1.0,0.0001
3,0.7330587655305862,0.6075459718704224,1.0,1.0,0.0001
4,0.7680427134037018,0.5648850798606873,1.0,1.0,0.0001
5,0.7893668413162231,0.5476919412612915,1.0,1.0,0.0001
6,0.7185583114624023,0.5727012157440186,1.0,1.0,0.0001
7,0.6999948620796204,0.6031450629234314,1.0,1.0,0.0001
