epoch,train_loss,val_loss,val_f1,val_auc,learning_rate
1,0.689049705862999,0.6932045221328735,0.6666666666666666,0.5,0.0001
2,0.7308991551399231,0.6936476230621338,0.6666666666666666,0.5,0.0001
3,0.7099954038858414,0.6935177445411682,0.6666666666666666,0.5,0.0001
4,0.7365820556879044,0.6937944889068604,0.0,0.5,0.0001
5,0.7394752949476242,0.6939973831176758,0.0,0.5,5e-05
6,0.6645808964967728,0.6951462626457214,0.0,0.5,5e-05
